{"cameraMode":{"drawMode":0,"name":"Shaded","section":"Shading Mode"},"sceneLighting":false,"audioPlay":false,"sceneViewState":{"showFog":false,"showMaterialUpdate":false,"showSkybox":false,"showFlares":false,"showImageEffects":false,"showParticleSystems":false},"in2DMode":false,"pivot":{"x":3.499999523162842,"y":-0.21688178181648255,"z":3.500000476837158},"rotation":{"x":-0.41973206400871279,"y":-0.04843360558152199,"z":0.02243581786751747,"w":-0.9060791730880737},"size":51.590938568115237,"orthographic":false}