{"cameraMode":{"drawMode":0,"name":"Shaded","section":"Shading Mode"},"sceneLighting":false,"audioPlay":false,"sceneViewState":{"showFog":true,"showMaterialUpdate":true,"showSkybox":true,"showFlares":true,"showImageEffects":true,"showParticleSystems":true},"in2DMode":false,"pivot":{"x":0.2743842601776123,"y":0.07469969987869263,"z":0.850001335144043},"rotation":{"x":-0.3453412652015686,"y":-0.03209470957517624,"z":0.011811506003141404,"w":-0.9378759860992432},"size":2.1217615604400636,"orthographic":false}