{"cameraMode":{"drawMode":0,"name":"Shaded","section":"Shading Mode"},"sceneLighting":false,"audioPlay":false,"sceneViewState":{"showFog":true,"showMaterialUpdate":true,"showSkybox":true,"showFlares":true,"showImageEffects":true,"showParticleSystems":true},"in2DMode":false,"pivot":{"x":0.550000011920929,"y":0.44207075238227847,"z":0.6499999165534973},"rotation":{"x":0.3111342787742615,"y":0.04872437193989754,"z":-0.01597522757947445,"w":0.9490055441856384},"size":6.606505393981934,"orthographic":false}