{"cameraMode":{"drawMode":0,"name":"Shaded","section":"Shading Mode"},"sceneLighting":true,"audioPlay":false,"sceneViewState":{"showFog":true,"showMaterialUpdate":true,"showSkybox":true,"showFlares":true,"showImageEffects":true,"showParticleSystems":true},"in2DMode":false,"pivot":{"x":2.6262476444244386,"y":-8.55083179473877,"z":10.517175674438477},"rotation":{"x":0.341863214969635,"y":-0.36675333976745608,"z":0.14704304933547975,"w":0.852669358253479},"size":19.323871612548829,"orthographic":false}