{"cameraMode":{"drawMode":0,"name":"Shaded","section":"Shading Mode"},"sceneLighting":false,"audioPlay":false,"sceneViewState":{"showFog":true,"showMaterialUpdate":true,"showSkybox":true,"showFlares":true,"showImageEffects":true,"showParticleSystems":true},"in2DMode":false,"pivot":{"x":0.5400000214576721,"y":0.4420706629753113,"z":0.4999999403953552},"rotation":{"x":-0.35537683963775637,"y":0.0016756592085584999,"z":-0.0006433946546167135,"w":-0.9347437024116516},"size":1.8266620635986329,"orthographic":false}