{"cameraMode":{"drawMode":0,"name":"Shaded","section":"Shading Mode"},"sceneLighting":false,"audioPlay":false,"sceneViewState":{"showFog":true,"showMaterialUpdate":false,"showSkybox":true,"showFlares":true,"showImageEffects":true,"showParticleSystems":true},"in2DMode":false,"pivot":{"x":0.4300000071525574,"y":0.43273165822029116,"z":0.8470001220703125},"rotation":{"x":-0.05733064189553261,"y":0.9315317869186401,"z":-0.16836506128311158,"w":-0.3171994090080261},"size":2.282989501953125,"orthographic":false}